PROVINCE,URB,INCOME_final,SOCCL_A,SOCCL_B1,SOCCL_B2,SOCCL_C,SOCCL_D,EDU_HIGH,EDU_MID,EDU_LOW,DINK,OWN_HOUSE,AVG_HOUSE,STAGE_OF_LIFE,CIT_HOUSEHOLD,LOAN,SAVINGS,SHOP_ONLINE,CAR,cluster
North Brabant,7.0,2.0,4.0,3.0,2.0,2.0,1.0,4.0,3.0,2.0,5.0,4.0,10.0,4.0,5.0,1.0,4.0,6.0,5.0,0
North Brabant,2.0,2.0,5.0,3.0,1.0,1.0,1.0,4.0,3.0,2.0,6.0,5.0,10.0,9.0,5.0,2.0,6.0,6.0,5.0,0
South Holland,4.0,2.0,3.0,4.0,1.0,1.0,1.0,2.0,5.0,1.0,4.0,4.0,9.0,9.0,3.0,1.0,5.0,4.0,5.0,4
Utrecht,2.0,2.0,2.0,4.0,2.0,1.0,1.0,2.0,5.0,2.0,6.0,5.0,8.0,6.0,5.0,4.0,5.0,6.0,5.0,4
Groningen,2.0,4.0,1.0,1.0,3.0,3.0,2.0,2.0,2.0,4.0,2.0,1.0,4.0,6.0,4.0,3.0,2.0,2.0,2.0,1
Utrecht,5.0,1.0,5.0,2.0,1.0,1.0,1.0,5.0,2.0,1.0,3.0,5.0,12.0,9.0,4.0,2.0,6.0,4.0,5.0,0
South Holland,4.0,2.0,3.0,3.0,2.0,1.0,1.0,3.0,4.0,2.0,3.0,2.0,9.0,3.0,3.0,2.0,4.0,4.0,5.0,7
North Holland,3.0,1.0,5.0,1.0,2.0,1.0,1.0,5.0,1.0,1.0,6.0,5.0,9.0,6.0,6.0,1.0,6.0,6.0,5.0,0
Overijssel,2.0,4.0,1.0,1.0,4.0,3.0,2.0,1.0,3.0,4.0,2.0,2.0,4.0,6.0,4.0,4.0,3.0,3.0,3.0,1
Overijssel,3.0,5.0,1.0,2.0,4.0,2.0,3.0,1.0,1.0,5.0,5.0,4.0,5.0,6.0,6.0,5.0,3.0,5.0,5.0,6
North Brabant,4.0,3.0,1.0,2.0,3.0,3.0,2.0,2.0,3.0,3.0,1.0,1.0,5.0,3.0,3.0,3.0,3.0,1.0,2.0,2
South Holland,1.0,4.0,1.0,1.0,4.0,3.0,2.0,1.0,3.0,4.0,2.0,1.0,3.0,4.0,4.0,5.0,2.0,2.0,3.0,1
South Holland,3.0,4.0,1.0,1.0,3.0,4.0,2.0,1.0,2.0,5.0,1.0,1.0,4.0,1.0,2.0,3.0,3.0,1.0,1.0,1
Gelderland,2.0,5.0,1.0,1.0,4.0,2.0,2.0,1.0,2.0,5.0,3.0,2.0,6.0,4.0,5.0,5.0,2.0,2.0,3.0,1
South Holland,1.0,5.0,1.0,1.0,2.0,3.0,3.0,1.0,2.0,5.0,1.0,1.0,3.0,2.0,3.0,3.0,2.0,2.0,1.0,5
North Holland,1.0,5.0,1.0,3.0,3.0,1.0,1.0,1.0,4.0,3.0,5.0,2.0,10.0,4.0,6.0,5.0,4.0,5.0,3.0,6
South Holland,1.0,4.0,1.0,1.0,3.0,3.0,2.0,1.0,2.0,5.0,1.0,1.0,4.0,2.0,4.0,4.0,2.0,1.0,2.0,1
Groningen,5.0,4.0,1.0,1.0,3.0,3.0,3.0,1.0,3.0,4.0,2.0,2.0,2.0,2.0,3.0,2.0,2.0,2.0,2.0,5
North Holland,7.0,3.0,2.0,2.0,4.0,2.0,2.0,2.0,3.0,3.0,4.0,4.0,9.0,6.0,4.0,2.0,3.0,4.0,5.0,6
Limburg,5.0,3.0,3.0,3.0,3.0,1.0,1.0,3.0,4.0,2.0,4.0,4.0,9.0,9.0,5.0,2.0,5.0,4.0,5.0,4
Groningen,5.0,3.0,2.0,3.0,3.0,1.0,2.0,2.0,5.0,2.0,5.0,4.0,4.0,9.0,3.0,3.0,6.0,5.0,5.0,4
Utrecht,4.0,4.0,1.0,1.0,2.0,2.0,4.0,1.0,2.0,5.0,1.0,1.0,6.0,3.0,3.0,1.0,2.0,2.0,1.0,5
South Holland,1.0,2.0,3.0,3.0,3.0,1.0,1.0,3.0,4.0,1.0,4.0,2.0,5.0,6.0,4.0,5.0,5.0,6.0,5.0,7
Zeeland,4.0,6.0,5.0,1.0,1.0,1.0,1.0,5.0,1.0,1.0,6.0,2.0,15.0,1.0,1.0,1.0,6.0,6.0,1.0,3
Gelderland,5.0,3.0,5.0,1.0,1.0,1.0,1.0,5.0,1.0,1.0,6.0,5.0,12.0,8.0,4.0,6.0,6.0,6.0,5.0,0
South Holland,1.0,4.0,1.0,1.0,2.0,4.0,2.0,1.0,1.0,5.0,1.0,1.0,2.0,1.0,4.0,5.0,3.0,1.0,1.0,1
Utrecht,1.0,3.0,1.0,4.0,3.0,2.0,1.0,1.0,4.0,3.0,5.0,3.0,7.0,4.0,6.0,4.0,3.0,6.0,5.0,6
Gelderland,5.0,2.0,4.0,2.0,3.0,1.0,1.0,4.0,3.0,1.0,5.0,3.0,11.0,1.0,4.0,1.0,6.0,6.0,4.0,0
South Holland,1.0,3.0,1.0,2.0,4.0,2.0,1.0,1.0,5.0,2.0,2.0,4.0,3.0,7.0,3.0,4.0,4.0,6.0,1.0,6
North Brabant,2.0,1.0,2.0,3.0,4.0,1.0,1.0,2.0,5.0,1.0,4.0,2.0,6.0,7.0,4.0,6.0,6.0,6.0,5.0,7
Utrecht,3.0,3.0,1.0,1.0,2.0,3.0,4.0,1.0,5.0,1.0,2.0,1.0,4.0,1.0,2.0,1.0,6.0,6.0,1.0,2
Gelderland,5.0,3.0,1.0,1.0,4.0,3.0,2.0,1.0,4.0,3.0,4.0,1.0,5.0,2.0,4.0,5.0,3.0,4.0,5.0,6
Groningen,5.0,4.0,1.0,1.0,2.0,3.0,4.0,1.0,2.0,5.0,2.0,1.0,2.0,4.0,5.0,2.0,2.0,2.0,2.0,5
North Holland,5.0,2.0,3.0,3.0,2.0,2.0,1.0,4.0,3.0,1.0,4.0,4.0,5.0,7.0,3.0,3.0,6.0,6.0,3.0,4
Utrecht,1.0,4.0,1.0,1.0,2.0,3.0,3.0,1.0,4.0,3.0,1.0,1.0,5.0,1.0,3.0,3.0,5.0,3.0,1.0,2
Groningen,6.0,4.0,1.0,1.0,3.0,2.0,4.0,2.0,2.0,5.0,2.0,2.0,3.0,4.0,4.0,4.0,2.0,3.0,3.0,1
Utrecht,1.0,3.0,1.0,2.0,4.0,2.0,2.0,2.0,3.0,4.0,5.0,2.0,6.0,4.0,6.0,5.0,3.0,5.0,5.0,6
North Holland,5.0,3.0,1.0,1.0,2.0,5.0,1.0,1.0,3.0,4.0,1.0,1.0,4.0,2.0,2.0,4.0,6.0,3.0,1.0,2
Overijssel,2.0,4.0,1.0,3.0,3.0,2.0,3.0,2.0,3.0,4.0,4.0,2.0,5.0,4.0,5.0,5.0,3.0,3.0,4.0,6
Groningen,7.0,3.0,1.0,3.0,3.0,2.0,2.0,1.0,3.0,4.0,3.0,4.0,5.0,9.0,5.0,4.0,3.0,3.0,5.0,6
North Brabant,7.0,6.0,3.0,3.0,2.0,2.0,1.0,3.0,4.0,2.0,3.0,4.0,9.0,9.0,4.0,3.0,6.0,5.0,5.0,3
Utrecht,1.0,3.0,1.0,2.0,4.0,2.0,1.0,1.0,4.0,3.0,2.0,2.0,4.0,4.0,4.0,5.0,3.0,4.0,3.0,6
Overijssel,4.0,2.0,3.0,2.0,3.0,1.0,1.0,3.0,4.0,1.0,4.0,2.0,9.0,2.0,4.0,4.0,3.0,6.0,5.0,7
Gelderland,4.0,2.0,1.0,4.0,2.0,1.0,1.0,2.0,5.0,1.0,5.0,4.0,6.0,9.0,5.0,3.0,5.0,6.0,5.0,4
Gelderland,2.0,5.0,1.0,1.0,1.0,4.0,4.0,1.0,2.0,5.0,2.0,1.0,2.0,1.0,2.0,5.0,3.0,3.0,1.0,5
Gelderland,4.0,2.0,2.0,2.0,4.0,2.0,1.0,2.0,3.0,4.0,5.0,5.0,7.0,9.0,4.0,3.0,6.0,5.0,4.0,4
Limburg,4.0,4.0,1.0,1.0,2.0,4.0,3.0,1.0,4.0,3.0,1.0,2.0,1.0,2.0,2.0,5.0,3.0,1.0,1.0,2
South Holland,4.0,4.0,1.0,1.0,4.0,2.0,3.0,1.0,2.0,5.0,2.0,1.0,5.0,6.0,6.0,4.0,3.0,2.0,2.0,1
North Holland,1.0,2.0,1.0,2.0,4.0,3.0,1.0,2.0,5.0,2.0,4.0,1.0,5.0,7.0,3.0,5.0,4.0,5.0,2.0,6
South Holland,1.0,4.0,1.0,1.0,3.0,2.0,3.0,1.0,1.0,5.0,1.0,1.0,3.0,4.0,5.0,5.0,2.0,1.0,2.0,1
Gelderland,4.0,3.0,1.0,2.0,5.0,1.0,2.0,2.0,2.0,5.0,4.0,2.0,5.0,4.0,6.0,5.0,3.0,4.0,3.0,6
North Holland,5.0,4.0,1.0,1.0,2.0,4.0,3.0,1.0,2.0,5.0,1.0,2.0,7.0,2.0,2.0,2.0,3.0,1.0,3.0,5
South Holland,4.0,3.0,1.0,3.0,3.0,1.0,2.0,2.0,4.0,3.0,3.0,4.0,5.0,4.0,4.0,4.0,3.0,3.0,4.0,6
Gelderland,4.0,3.0,1.0,2.0,4.0,1.0,2.0,2.0,3.0,4.0,2.0,3.0,6.0,4.0,4.0,4.0,4.0,2.0,4.0,6
South Holland,1.0,4.0,1.0,1.0,3.0,3.0,3.0,1.0,2.0,5.0,1.0,1.0,4.0,2.0,4.0,4.0,1.0,1.0,3.0,1
Utrecht,1.0,5.0,1.0,1.0,3.0,3.0,3.0,1.0,2.0,5.0,1.0,2.0,8.0,4.0,6.0,2.0,3.0,4.0,2.0,1
Gelderland,4.0,4.0,1.0,2.0,3.0,3.0,2.0,2.0,4.0,2.0,2.0,4.0,3.0,1.0,3.0,4.0,5.0,3.0,3.0,2
South Holland,4.0,4.0,1.0,1.0,4.0,3.0,2.0,1.0,2.0,5.0,1.0,1.0,6.0,6.0,5.0,2.0,2.0,3.0,2.0,1
Utrecht,4.0,3.0,1.0,1.0,4.0,3.0,1.0,1.0,3.0,4.0,1.0,1.0,5.0,2.0,3.0,3.0,6.0,3.0,1.0,2
Utrecht,3.0,4.0,1.0,2.0,2.0,3.0,4.0,1.0,2.0,5.0,1.0,2.0,4.0,2.0,2.0,2.0,4.0,3.0,1.0,5
North Brabant,2.0,3.0,1.0,2.0,4.0,2.0,1.0,1.0,2.0,5.0,5.0,2.0,6.0,4.0,5.0,5.0,3.0,4.0,5.0,6
South Holland,3.0,2.0,5.0,2.0,1.0,1.0,1.0,5.0,2.0,1.0,6.0,5.0,9.0,4.0,6.0,5.0,6.0,6.0,5.0,0
Utrecht,3.0,1.0,5.0,2.0,1.0,1.0,1.0,5.0,1.0,2.0,5.0,5.0,14.0,9.0,5.0,1.0,6.0,6.0,5.0,0
Utrecht,1.0,5.0,1.0,1.0,3.0,3.0,3.0,1.0,1.0,5.0,1.0,1.0,4.0,4.0,5.0,4.0,2.0,1.0,1.0,1
Overijssel,2.0,5.0,1.0,1.0,2.0,3.0,3.0,1.0,2.0,5.0,1.0,2.0,3.0,1.0,2.0,2.0,3.0,2.0,2.0,5
North Brabant,2.0,4.0,1.0,2.0,3.0,3.0,2.0,1.0,3.0,4.0,3.0,2.0,7.0,3.0,4.0,3.0,3.0,3.0,4.0,1
Utrecht,1.0,3.0,2.0,3.0,3.0,2.0,1.0,4.0,3.0,1.0,5.0,1.0,7.0,1.0,3.0,4.0,6.0,6.0,3.0,7
North Holland,1.0,3.0,4.0,3.0,2.0,1.0,1.0,4.0,3.0,1.0,5.0,3.0,9.0,4.0,5.0,5.0,6.0,6.0,4.0,0
Gelderland,5.0,4.0,1.0,1.0,4.0,2.0,3.0,2.0,2.0,5.0,1.0,1.0,5.0,3.0,4.0,4.0,3.0,2.0,5.0,1
South Holland,3.0,4.0,1.0,1.0,1.0,3.0,4.0,1.0,4.0,3.0,1.0,1.0,3.0,1.0,3.0,2.0,3.0,2.0,1.0,5
South Holland,1.0,4.0,1.0,1.0,2.0,4.0,3.0,1.0,2.0,4.0,2.0,1.0,3.0,4.0,4.0,5.0,2.0,1.0,4.0,1
South Holland,1.0,4.0,1.0,1.0,3.0,5.0,1.0,1.0,2.0,5.0,2.0,1.0,4.0,1.0,4.0,5.0,3.0,1.0,1.0,1
Utrecht,1.0,3.0,4.0,3.0,2.0,1.0,1.0,4.0,3.0,1.0,5.0,4.0,10.0,4.0,5.0,5.0,6.0,6.0,3.0,0
North Holland,1.0,4.0,1.0,2.0,4.0,3.0,1.0,1.0,5.0,2.0,4.0,2.0,8.0,2.0,4.0,5.0,5.0,5.0,2.0,6
North Holland,1.0,2.0,3.0,4.0,2.0,1.0,1.0,3.0,4.0,1.0,5.0,2.0,9.0,4.0,4.0,5.0,6.0,6.0,4.0,7
Overijssel,3.0,4.0,1.0,1.0,2.0,4.0,3.0,1.0,3.0,4.0,2.0,1.0,1.0,1.0,2.0,4.0,3.0,1.0,1.0,5
Limburg,6.0,3.0,1.0,4.0,3.0,2.0,1.0,2.0,4.0,3.0,6.0,5.0,5.0,9.0,4.0,3.0,5.0,5.0,5.0,4
South Holland,3.0,5.0,1.0,1.0,1.0,3.0,4.0,1.0,1.0,5.0,1.0,1.0,3.0,3.0,4.0,4.0,1.0,1.0,1.0,5
South Holland,1.0,3.0,1.0,2.0,4.0,2.0,2.0,1.0,3.0,4.0,3.0,2.0,5.0,2.0,3.0,4.0,3.0,3.0,3.0,6
Overijssel,5.0,3.0,1.0,2.0,3.0,2.0,2.0,2.0,3.0,3.0,3.0,2.0,6.0,4.0,5.0,3.0,3.0,4.0,2.0,6
South Holland,1.0,5.0,2.0,1.0,2.0,3.0,3.0,2.0,3.0,4.0,2.0,1.0,3.0,1.0,3.0,5.0,4.0,2.0,1.0,1
South Holland,1.0,2.0,2.0,3.0,3.0,1.0,1.0,2.0,4.0,3.0,4.0,2.0,6.0,2.0,5.0,3.0,4.0,6.0,5.0,6
Friesland,7.0,3.0,3.0,4.0,2.0,2.0,2.0,2.0,4.0,3.0,3.0,4.0,11.0,9.0,3.0,2.0,5.0,3.0,5.0,4
South Holland,3.0,2.0,4.0,3.0,1.0,2.0,1.0,4.0,3.0,1.0,3.0,5.0,8.0,9.0,4.0,4.0,6.0,5.0,5.0,0
Utrecht,4.0,2.0,3.0,3.0,2.0,2.0,1.0,3.0,4.0,1.0,6.0,4.0,8.0,4.0,6.0,3.0,6.0,6.0,5.0,4
Overijssel,7.0,3.0,2.0,4.0,3.0,1.0,1.0,2.0,4.0,3.0,5.0,4.0,9.0,6.0,5.0,2.0,6.0,6.0,5.0,4
North Holland,6.0,6.0,2.0,4.0,3.0,1.0,1.0,2.0,5.0,1.0,6.0,4.0,6.0,4.0,4.0,3.0,4.0,5.0,5.0,3
North Brabant,7.0,6.0,2.0,3.0,3.0,2.0,1.0,2.0,3.0,3.0,5.0,2.0,7.0,6.0,5.0,2.0,4.0,5.0,5.0,3
South Holland,3.0,4.0,1.0,1.0,2.0,4.0,2.0,1.0,3.0,4.0,2.0,1.0,3.0,4.0,2.0,2.0,3.0,2.0,1.0,2
Gelderland,4.0,4.0,1.0,4.0,3.0,1.0,1.0,3.0,4.0,1.0,2.0,1.0,6.0,1.0,3.0,3.0,6.0,6.0,2.0,7
Overijssel,3.0,5.0,1.0,1.0,5.0,2.0,1.0,1.0,5.0,2.0,3.0,2.0,6.0,7.0,4.0,5.0,4.0,5.0,5.0,6
Gelderland,3.0,6.0,3.0,3.0,1.0,1.0,1.0,4.0,3.0,1.0,6.0,4.0,9.0,6.0,5.0,2.0,6.0,6.0,5.0,3
Overijssel,2.0,5.0,1.0,1.0,2.0,3.0,3.0,1.0,2.0,5.0,2.0,1.0,3.0,3.0,3.0,1.0,3.0,1.0,2.0,5
Overijssel,4.0,2.0,3.0,3.0,3.0,1.0,1.0,2.0,3.0,3.0,6.0,2.0,7.0,6.0,6.0,5.0,6.0,6.0,5.0,4
Gelderland,4.0,2.0,4.0,3.0,2.0,1.0,1.0,4.0,3.0,2.0,5.0,4.0,9.0,9.0,5.0,2.0,4.0,6.0,5.0,0
Utrecht,1.0,3.0,1.0,2.0,4.0,2.0,1.0,2.0,5.0,2.0,4.0,4.0,5.0,7.0,4.0,4.0,4.0,4.0,3.0,6
South Holland,7.0,2.0,2.0,3.0,3.0,1.0,2.0,2.0,4.0,3.0,3.0,3.0,5.0,9.0,3.0,3.0,4.0,4.0,4.0,4
South Holland,1.0,3.0,1.0,2.0,2.0,4.0,2.0,1.0,4.0,3.0,2.0,2.0,2.0,1.0,4.0,4.0,4.0,2.0,1.0,2
Utrecht,1.0,2.0,3.0,4.0,2.0,1.0,1.0,5.0,2.0,1.0,4.0,2.0,7.0,1.0,4.0,6.0,6.0,6.0,2.0,7
Utrecht,1.0,2.0,3.0,4.0,2.0,1.0,1.0,5.0,2.0,1.0,4.0,2.0,7.0,1.0,4.0,6.0,6.0,6.0,2.0,7
Gelderland,2.0,4.0,1.0,3.0,3.0,3.0,2.0,1.0,3.0,4.0,4.0,2.0,4.0,4.0,4.0,4.0,4.0,5.0,3.0,6
North Holland,1.0,3.0,2.0,3.0,3.0,2.0,2.0,2.0,4.0,2.0,3.0,2.0,9.0,2.0,3.0,4.0,4.0,6.0,2.0,7
South Holland,1.0,4.0,1.0,1.0,4.0,3.0,2.0,1.0,1.0,5.0,1.0,1.0,4.0,2.0,4.0,4.0,2.0,1.0,3.0,1
North Holland,1.0,4.0,1.0,2.0,4.0,1.0,1.0,3.0,4.0,1.0,2.0,2.0,10.0,2.0,3.0,3.0,5.0,6.0,1.0,7
North Brabant,6.0,2.0,4.0,3.0,2.0,1.0,2.0,3.0,4.0,1.0,6.0,4.0,6.0,4.0,5.0,3.0,4.0,6.0,5.0,4
Overijssel,5.0,5.0,1.0,1.0,3.0,3.0,2.0,1.0,1.0,5.0,2.0,1.0,5.0,9.0,4.0,2.0,2.0,1.0,3.0,1
Utrecht,1.0,1.0,5.0,1.0,1.0,1.0,1.0,5.0,1.0,1.0,6.0,5.0,10.0,6.0,6.0,3.0,6.0,6.0,5.0,0
South Holland,7.0,6.0,3.0,3.0,2.0,2.0,2.0,3.0,3.0,2.0,4.0,4.0,6.0,9.0,5.0,2.0,3.0,5.0,4.0,3
North Holland,3.0,4.0,1.0,1.0,2.0,3.0,3.0,2.0,2.0,5.0,2.0,1.0,7.0,3.0,5.0,3.0,2.0,2.0,4.0,1
South Holland,1.0,4.0,1.0,1.0,3.0,3.0,3.0,1.0,2.0,5.0,2.0,1.0,5.0,4.0,4.0,5.0,2.0,2.0,2.0,1
Utrecht,3.0,3.0,1.0,1.0,2.0,3.0,4.0,1.0,5.0,2.0,3.0,1.0,4.0,1.0,2.0,4.0,5.0,6.0,1.0,2
South Holland,1.0,4.0,1.0,1.0,1.0,2.0,5.0,1.0,1.0,5.0,1.0,1.0,3.0,3.0,2.0,1.0,1.0,1.0,2.0,5
Gelderland,4.0,2.0,3.0,3.0,3.0,1.0,1.0,4.0,3.0,1.0,2.0,4.0,3.0,1.0,2.0,3.0,6.0,6.0,2.0,7
Friesland,3.0,5.0,1.0,1.0,4.0,3.0,2.0,2.0,2.0,5.0,2.0,1.0,4.0,4.0,6.0,3.0,2.0,2.0,2.0,1
South Holland,1.0,4.0,1.0,1.0,3.0,5.0,1.0,1.0,2.0,5.0,2.0,1.0,4.0,1.0,4.0,5.0,3.0,1.0,1.0,1
South Holland,1.0,5.0,1.0,1.0,3.0,2.0,4.0,1.0,2.0,5.0,1.0,1.0,3.0,4.0,6.0,3.0,2.0,2.0,1.0,1
South Holland,4.0,3.0,1.0,4.0,3.0,1.0,1.0,1.0,4.0,3.0,4.0,5.0,5.0,9.0,5.0,4.0,6.0,4.0,5.0,4
North Holland,3.0,4.0,1.0,1.0,1.0,3.0,4.0,2.0,4.0,3.0,1.0,1.0,2.0,1.0,2.0,2.0,3.0,2.0,2.0,5
Utrecht,3.0,3.0,2.0,2.0,1.0,4.0,2.0,3.0,5.0,1.0,2.0,1.0,2.0,2.0,1.0,2.0,6.0,5.0,1.0,2
Overijssel,7.0,4.0,1.0,1.0,4.0,3.0,2.0,1.0,2.0,5.0,3.0,4.0,3.0,8.0,3.0,2.0,3.0,2.0,5.0,1
North Holland,5.0,1.0,5.0,1.0,1.0,1.0,1.0,5.0,1.0,1.0,2.0,4.0,11.0,3.0,3.0,3.0,6.0,4.0,5.0,0
Gelderland,3.0,4.0,1.0,3.0,3.0,1.0,3.0,1.0,5.0,3.0,4.0,2.0,6.0,1.0,4.0,3.0,6.0,5.0,3.0,6
Flevoland,2.0,1.0,1.0,2.0,5.0,1.0,1.0,5.0,1.0,1.0,1.0,1.0,1.0,1.0,2.0,6.0,6.0,6.0,1.0,7
South Holland,1.0,5.0,1.0,1.0,3.0,3.0,3.0,1.0,2.0,5.0,2.0,2.0,4.0,1.0,3.0,5.0,3.0,1.0,2.0,1
Utrecht,1.0,3.0,1.0,1.0,3.0,3.0,2.0,1.0,4.0,3.0,2.0,1.0,4.0,1.0,3.0,2.0,3.0,2.0,1.0,2
Overijssel,5.0,2.0,2.0,4.0,2.0,1.0,1.0,2.0,5.0,1.0,6.0,2.0,7.0,4.0,4.0,5.0,6.0,6.0,5.0,4
Overijssel,2.0,2.0,3.0,3.0,3.0,1.0,1.0,2.0,5.0,1.0,6.0,5.0,8.0,4.0,6.0,3.0,5.0,6.0,5.0,4
Overijssel,5.0,2.0,3.0,3.0,2.0,1.0,1.0,3.0,4.0,2.0,5.0,5.0,9.0,9.0,5.0,1.0,4.0,6.0,5.0,4
South Holland,1.0,4.0,1.0,1.0,2.0,4.0,3.0,1.0,1.0,5.0,1.0,1.0,3.0,2.0,4.0,5.0,2.0,1.0,1.0,1
Gelderland,4.0,4.0,1.0,2.0,3.0,3.0,2.0,2.0,4.0,2.0,2.0,4.0,3.0,1.0,3.0,4.0,5.0,3.0,3.0,2
South Holland,4.0,6.0,2.0,4.0,2.0,1.0,2.0,2.0,4.0,2.0,5.0,4.0,6.0,4.0,4.0,3.0,4.0,6.0,5.0,3
Gelderland,2.0,2.0,2.0,4.0,2.0,2.0,2.0,2.0,4.0,2.0,6.0,5.0,6.0,4.0,5.0,4.0,4.0,6.0,4.0,4
North Holland,7.0,4.0,1.0,1.0,2.0,3.0,3.0,1.0,2.0,5.0,3.0,4.0,4.0,9.0,4.0,3.0,3.0,1.0,5.0,1
Overijssel,2.0,3.0,1.0,2.0,2.0,4.0,2.0,2.0,5.0,2.0,1.0,1.0,2.0,2.0,3.0,3.0,6.0,3.0,1.0,2
South Holland,3.0,2.0,2.0,4.0,3.0,2.0,1.0,2.0,4.0,2.0,3.0,3.0,5.0,2.0,3.0,4.0,4.0,6.0,3.0,7
Gelderland,5.0,2.0,2.0,4.0,2.0,1.0,2.0,2.0,4.0,3.0,6.0,4.0,11.0,6.0,6.0,2.0,5.0,6.0,5.0,4
South Holland,1.0,4.0,1.0,1.0,4.0,3.0,2.0,1.0,2.0,5.0,2.0,2.0,5.0,4.0,4.0,6.0,3.0,3.0,3.0,1
South Holland,1.0,3.0,1.0,2.0,5.0,2.0,1.0,2.0,2.0,5.0,4.0,2.0,5.0,6.0,4.0,5.0,2.0,3.0,3.0,6
North Holland,1.0,2.0,5.0,2.0,1.0,1.0,1.0,5.0,2.0,1.0,4.0,2.0,10.0,4.0,4.0,3.0,6.0,6.0,2.0,0
Gelderland,4.0,2.0,1.0,5.0,2.0,1.0,1.0,2.0,5.0,2.0,4.0,5.0,5.0,9.0,4.0,4.0,5.0,5.0,5.0,4
Groningen,7.0,4.0,1.0,1.0,4.0,2.0,3.0,1.0,2.0,5.0,3.0,3.0,4.0,6.0,4.0,4.0,3.0,3.0,3.0,1
South Holland,2.0,4.0,1.0,1.0,4.0,1.0,3.0,1.0,2.0,5.0,2.0,1.0,4.0,4.0,5.0,2.0,3.0,1.0,1.0,1
South Holland,1.0,5.0,1.0,2.0,5.0,1.0,2.0,1.0,3.0,4.0,5.0,2.0,7.0,4.0,4.0,6.0,3.0,5.0,5.0,6
North Brabant,5.0,2.0,3.0,4.0,2.0,1.0,1.0,3.0,4.0,1.0,5.0,4.0,9.0,8.0,4.0,1.0,6.0,5.0,5.0,4
Utrecht,1.0,4.0,1.0,2.0,4.0,2.0,2.0,1.0,4.0,3.0,2.0,2.0,7.0,1.0,3.0,3.0,4.0,3.0,1.0,2
North Holland,1.0,4.0,1.0,1.0,4.0,2.0,2.0,1.0,1.0,5.0,5.0,1.0,7.0,4.0,6.0,5.0,2.0,5.0,1.0,1
South Holland,1.0,4.0,1.0,1.0,3.0,3.0,2.0,1.0,2.0,5.0,2.0,1.0,3.0,1.0,3.0,3.0,3.0,2.0,2.0,1
Overijssel,2.0,3.0,4.0,3.0,1.0,1.0,1.0,5.0,3.0,1.0,4.0,4.0,9.0,9.0,3.0,2.0,6.0,6.0,5.0,0
Groningen,2.0,2.0,4.0,3.0,2.0,1.0,1.0,5.0,3.0,1.0,3.0,5.0,5.0,2.0,2.0,3.0,6.0,6.0,3.0,7
Overijssel,5.0,3.0,1.0,2.0,4.0,2.0,1.0,2.0,2.0,4.0,2.0,2.0,3.0,2.0,2.0,4.0,6.0,4.0,4.0,6
Limburg,4.0,3.0,1.0,3.0,4.0,1.0,2.0,1.0,4.0,3.0,4.0,2.0,5.0,4.0,4.0,4.0,5.0,5.0,4.0,6
Gelderland,7.0,1.0,3.0,3.0,2.0,1.0,1.0,3.0,3.0,2.0,4.0,4.0,6.0,9.0,5.0,1.0,6.0,5.0,5.0,4
South Holland,4.0,4.0,1.0,1.0,4.0,2.0,2.0,1.0,2.0,5.0,1.0,1.0,6.0,6.0,6.0,3.0,3.0,1.0,3.0,1
South Holland,1.0,2.0,2.0,3.0,3.0,2.0,1.0,2.0,4.0,3.0,3.0,4.0,3.0,2.0,3.0,4.0,3.0,5.0,5.0,7
Utrecht,1.0,3.0,1.0,2.0,3.0,3.0,2.0,1.0,3.0,4.0,4.0,2.0,4.0,4.0,5.0,5.0,4.0,5.0,2.0,6
South Holland,1.0,3.0,2.0,2.0,2.0,4.0,2.0,2.0,4.0,2.0,3.0,2.0,2.0,3.0,3.0,5.0,2.0,4.0,3.0,2
Utrecht,4.0,3.0,1.0,1.0,2.0,4.0,2.0,1.0,3.0,4.0,3.0,1.0,4.0,6.0,5.0,4.0,3.0,4.0,3.0,1
South Holland,1.0,3.0,2.0,2.0,2.0,4.0,2.0,2.0,4.0,2.0,3.0,2.0,2.0,3.0,3.0,5.0,2.0,4.0,3.0,2
Limburg,4.0,4.0,1.0,1.0,3.0,4.0,2.0,2.0,3.0,4.0,1.0,1.0,1.0,2.0,3.0,3.0,3.0,2.0,2.0,2
South Holland,7.0,4.0,1.0,3.0,4.0,2.0,2.0,1.0,3.0,4.0,3.0,2.0,6.0,4.0,4.0,3.0,4.0,4.0,4.0,6
South Holland,5.0,2.0,4.0,2.0,2.0,1.0,1.0,5.0,2.0,2.0,6.0,4.0,9.0,4.0,5.0,4.0,6.0,6.0,5.0,0
Utrecht,3.0,3.0,1.0,3.0,2.0,3.0,2.0,2.0,4.0,3.0,2.0,2.0,3.0,2.0,3.0,3.0,4.0,3.0,3.0,2
South Holland,1.0,2.0,1.0,3.0,4.0,1.0,1.0,2.0,5.0,2.0,4.0,2.0,5.0,7.0,3.0,5.0,3.0,6.0,3.0,6
North Holland,1.0,3.0,1.0,4.0,3.0,1.0,1.0,2.0,5.0,1.0,2.0,1.0,11.0,2.0,3.0,5.0,4.0,5.0,1.0,7
Utrecht,6.0,3.0,2.0,2.0,4.0,2.0,2.0,2.0,2.0,5.0,2.0,2.0,6.0,3.0,4.0,3.0,2.0,5.0,5.0,6
Drenthe,7.0,4.0,1.0,2.0,4.0,2.0,2.0,2.0,2.0,5.0,4.0,4.0,5.0,4.0,5.0,4.0,4.0,4.0,5.0,6
Utrecht,1.0,4.0,1.0,2.0,3.0,2.0,3.0,1.0,3.0,3.0,2.0,2.0,4.0,1.0,4.0,4.0,3.0,2.0,1.0,1
South Holland,1.0,3.0,1.0,1.0,4.0,3.0,2.0,1.0,2.0,4.0,1.0,1.0,4.0,4.0,4.0,5.0,2.0,3.0,2.0,1
South Holland,1.0,4.0,1.0,1.0,2.0,4.0,2.0,1.0,2.0,5.0,2.0,1.0,4.0,6.0,5.0,5.0,2.0,1.0,4.0,1
North Holland,3.0,3.0,2.0,3.0,2.0,2.0,1.0,2.0,4.0,2.0,5.0,4.0,7.0,4.0,4.0,4.0,4.0,5.0,4.0,4
Gelderland,7.0,3.0,1.0,5.0,1.0,2.0,1.0,2.0,4.0,2.0,5.0,4.0,10.0,9.0,5.0,1.0,6.0,5.0,5.0,4
Gelderland,2.0,3.0,1.0,4.0,3.0,1.0,1.0,2.0,4.0,2.0,6.0,5.0,6.0,4.0,5.0,4.0,6.0,6.0,5.0,4
Utrecht,1.0,4.0,1.0,1.0,3.0,3.0,2.0,1.0,4.0,3.0,2.0,2.0,4.0,1.0,2.0,3.0,3.0,2.0,3.0,2
North Brabant,2.0,3.0,1.0,3.0,4.0,2.0,1.0,1.0,5.0,2.0,5.0,4.0,5.0,8.0,3.0,5.0,6.0,6.0,5.0,4
South Holland,1.0,4.0,1.0,1.0,3.0,3.0,3.0,1.0,3.0,4.0,2.0,2.0,2.0,4.0,5.0,4.0,2.0,3.0,2.0,1
Gelderland,2.0,4.0,1.0,1.0,2.0,2.0,4.0,2.0,5.0,1.0,2.0,1.0,3.0,1.0,2.0,1.0,6.0,2.0,1.0,2
Overijssel,6.0,3.0,2.0,3.0,3.0,1.0,1.0,2.0,4.0,3.0,5.0,5.0,7.0,9.0,4.0,2.0,4.0,4.0,5.0,4
South Holland,3.0,3.0,1.0,3.0,3.0,2.0,2.0,1.0,3.0,3.0,3.0,2.0,6.0,9.0,4.0,3.0,4.0,3.0,3.0,6
Gelderland,7.0,1.0,5.0,2.0,2.0,2.0,1.0,5.0,2.0,1.0,5.0,4.0,10.0,4.0,5.0,4.0,5.0,6.0,5.0,0
South Holland,2.0,2.0,3.0,4.0,2.0,1.0,1.0,3.0,4.0,1.0,4.0,4.0,7.0,4.0,4.0,5.0,6.0,6.0,4.0,7
South Holland,6.0,3.0,1.0,2.0,2.0,4.0,2.0,2.0,2.0,5.0,2.0,2.0,1.0,2.0,2.0,2.0,4.0,2.0,2.0,5
Gelderland,5.0,2.0,5.0,1.0,2.0,1.0,1.0,5.0,2.0,1.0,6.0,4.0,10.0,4.0,6.0,1.0,6.0,6.0,5.0,0
Utrecht,1.0,4.0,1.0,2.0,3.0,2.0,3.0,1.0,3.0,3.0,2.0,2.0,4.0,1.0,4.0,4.0,3.0,2.0,1.0,1
Groningen,2.0,3.0,2.0,2.0,4.0,2.0,1.0,3.0,3.0,2.0,3.0,4.0,5.0,1.0,2.0,4.0,6.0,6.0,1.0,7
North Holland,4.0,3.0,2.0,3.0,3.0,2.0,2.0,2.0,5.0,2.0,5.0,5.0,7.0,7.0,4.0,4.0,4.0,6.0,5.0,4
Friesland,7.0,6.0,3.0,4.0,2.0,1.0,1.0,2.0,4.0,2.0,4.0,5.0,11.0,9.0,4.0,1.0,6.0,4.0,5.0,3
Drenthe,3.0,4.0,1.0,1.0,4.0,2.0,2.0,1.0,3.0,4.0,3.0,2.0,4.0,6.0,4.0,4.0,3.0,4.0,3.0,6
Gelderland,5.0,3.0,1.0,1.0,4.0,2.0,2.0,1.0,2.0,5.0,2.0,2.0,5.0,4.0,3.0,2.0,3.0,2.0,3.0,1
Overijssel,2.0,4.0,1.0,1.0,3.0,3.0,3.0,1.0,2.0,5.0,1.0,1.0,2.0,2.0,3.0,3.0,2.0,1.0,1.0,5
South Holland,3.0,3.0,1.0,1.0,4.0,2.0,2.0,1.0,3.0,4.0,1.0,1.0,4.0,4.0,3.0,5.0,3.0,2.0,1.0,1
South Holland,1.0,4.0,1.0,1.0,3.0,3.0,3.0,1.0,3.0,4.0,3.0,1.0,2.0,4.0,5.0,5.0,2.0,2.0,2.0,1
Groningen,7.0,4.0,1.0,1.0,2.0,2.0,4.0,1.0,2.0,5.0,2.0,3.0,2.0,2.0,3.0,2.0,3.0,3.0,4.0,5
South Holland,1.0,4.0,1.0,1.0,3.0,3.0,3.0,1.0,1.0,5.0,2.0,1.0,3.0,2.0,4.0,5.0,2.0,2.0,2.0,1
South Holland,4.0,2.0,3.0,4.0,2.0,2.0,1.0,3.0,4.0,1.0,6.0,5.0,7.0,4.0,5.0,4.0,6.0,6.0,5.0,4
Utrecht,1.0,3.0,4.0,3.0,1.0,1.0,1.0,4.0,3.0,1.0,4.0,5.0,9.0,9.0,4.0,2.0,6.0,6.0,3.0,0
North Brabant,2.0,4.0,1.0,2.0,4.0,3.0,2.0,2.0,3.0,4.0,2.0,1.0,7.0,4.0,6.0,3.0,3.0,5.0,1.0,1
Utrecht,1.0,3.0,1.0,2.0,4.0,3.0,1.0,1.0,4.0,3.0,2.0,1.0,8.0,3.0,3.0,3.0,3.0,4.0,1.0,2
Utrecht,1.0,4.0,1.0,1.0,2.0,2.0,4.0,1.0,1.0,5.0,1.0,1.0,5.0,6.0,5.0,2.0,2.0,2.0,1.0,5
South Holland,6.0,3.0,1.0,2.0,4.0,2.0,2.0,1.0,3.0,4.0,4.0,1.0,7.0,2.0,5.0,3.0,6.0,4.0,3.0,6
Overijssel,2.0,2.0,3.0,3.0,2.0,2.0,1.0,3.0,3.0,2.0,5.0,4.0,9.0,9.0,5.0,3.0,6.0,5.0,5.0,4
Overijssel,3.0,5.0,1.0,2.0,4.0,2.0,3.0,1.0,1.0,5.0,5.0,4.0,5.0,6.0,6.0,5.0,3.0,5.0,5.0,6
Groningen,7.0,2.0,2.0,3.0,4.0,1.0,1.0,2.0,4.0,3.0,3.0,5.0,3.0,9.0,2.0,3.0,6.0,5.0,5.0,4
Overijssel,3.0,5.0,1.0,2.0,3.0,2.0,3.0,2.0,2.0,5.0,2.0,2.0,3.0,4.0,5.0,4.0,3.0,2.0,3.0,1
Gelderland,5.0,2.0,4.0,2.0,2.0,1.0,1.0,4.0,3.0,1.0,4.0,5.0,10.0,9.0,5.0,2.0,3.0,4.0,4.0,0
Gelderland,5.0,2.0,4.0,2.0,2.0,1.0,1.0,4.0,3.0,1.0,4.0,5.0,10.0,9.0,5.0,2.0,3.0,4.0,4.0,0
North Holland,5.0,3.0,1.0,1.0,4.0,3.0,2.0,1.0,4.0,3.0,2.0,1.0,4.0,2.0,3.0,4.0,3.0,2.0,1.0,2
Overijssel,3.0,3.0,1.0,2.0,3.0,3.0,2.0,2.0,3.0,4.0,5.0,3.0,3.0,4.0,5.0,4.0,4.0,4.0,3.0,6
North Holland,1.0,1.0,1.0,2.0,5.0,1.0,1.0,5.0,1.0,1.0,1.0,1.0,5.0,1.0,2.0,5.0,6.0,6.0,1.0,7
Overijssel,2.0,1.0,5.0,2.0,1.0,1.0,1.0,5.0,1.0,1.0,3.0,4.0,9.0,9.0,3.0,4.0,6.0,6.0,4.0,0
North Brabant,6.0,3.0,2.0,3.0,3.0,1.0,1.0,2.0,5.0,1.0,5.0,5.0,12.0,6.0,5.0,5.0,6.0,6.0,5.0,4
South Holland,7.0,3.0,1.0,3.0,3.0,1.0,2.0,1.0,3.0,4.0,5.0,4.0,8.0,9.0,5.0,3.0,4.0,4.0,5.0,4
Overijssel,3.0,5.0,1.0,2.0,3.0,2.0,2.0,1.0,2.0,5.0,3.0,3.0,4.0,4.0,4.0,5.0,3.0,3.0,3.0,1
South Holland,1.0,5.0,1.0,1.0,3.0,3.0,3.0,1.0,2.0,5.0,2.0,2.0,4.0,1.0,3.0,5.0,3.0,1.0,2.0,1
Utrecht,4.0,2.0,3.0,3.0,2.0,2.0,1.0,3.0,4.0,1.0,6.0,4.0,8.0,4.0,6.0,3.0,6.0,6.0,5.0,4
Friesland,7.0,4.0,1.0,1.0,3.0,3.0,3.0,2.0,2.0,5.0,2.0,1.0,2.0,2.0,2.0,2.0,2.0,1.0,2.0,5
South Holland,6.0,3.0,2.0,2.0,4.0,1.0,1.0,2.0,3.0,3.0,5.0,5.0,7.0,9.0,5.0,3.0,6.0,5.0,5.0,4
North Holland,4.0,3.0,2.0,3.0,3.0,2.0,2.0,2.0,5.0,2.0,5.0,5.0,7.0,7.0,4.0,4.0,4.0,6.0,5.0,4
Friesland,7.0,3.0,2.0,4.0,2.0,2.0,1.0,2.0,4.0,3.0,5.0,4.0,9.0,9.0,5.0,2.0,5.0,5.0,5.0,4
Gelderland,2.0,6.0,3.0,2.0,3.0,1.0,1.0,3.0,3.0,2.0,3.0,3.0,10.0,9.0,3.0,2.0,6.0,5.0,3.0,3
South Holland,1.0,4.0,1.0,1.0,3.0,3.0,2.0,1.0,2.0,5.0,1.0,1.0,3.0,4.0,3.0,4.0,3.0,1.0,1.0,1
South Holland,2.0,3.0,2.0,3.0,3.0,2.0,2.0,1.0,4.0,3.0,4.0,3.0,8.0,6.0,4.0,3.0,4.0,5.0,3.0,6
Overijssel,4.0,1.0,5.0,1.0,1.0,1.0,1.0,5.0,1.0,1.0,6.0,5.0,9.0,6.0,6.0,2.0,6.0,6.0,5.0,0
Flevoland,2.0,3.0,1.0,4.0,3.0,1.0,1.0,2.0,4.0,3.0,3.0,4.0,6.0,6.0,4.0,4.0,4.0,4.0,4.0,6
Gelderland,2.0,4.0,1.0,3.0,3.0,3.0,2.0,3.0,2.0,4.0,1.0,2.0,5.0,4.0,5.0,4.0,3.0,1.0,5.0,1
Overijssel,4.0,2.0,3.0,3.0,2.0,1.0,1.0,3.0,4.0,2.0,6.0,5.0,9.0,6.0,6.0,2.0,6.0,6.0,5.0,4
South Holland,4.0,3.0,1.0,2.0,3.0,2.0,2.0,2.0,3.0,4.0,2.0,2.0,5.0,6.0,5.0,3.0,3.0,2.0,3.0,6
South Holland,1.0,1.0,5.0,1.0,2.0,1.0,1.0,5.0,1.0,1.0,6.0,4.0,9.0,6.0,5.0,2.0,6.0,6.0,5.0,0
South Holland,3.0,3.0,1.0,1.0,4.0,3.0,1.0,1.0,5.0,2.0,1.0,1.0,4.0,2.0,2.0,4.0,3.0,3.0,1.0,2
South Holland,4.0,4.0,1.0,2.0,2.0,2.0,4.0,1.0,2.0,5.0,2.0,1.0,2.0,1.0,3.0,2.0,4.0,2.0,2.0,5
North Brabant,6.0,3.0,1.0,3.0,2.0,3.0,2.0,2.0,4.0,3.0,3.0,2.0,2.0,1.0,3.0,3.0,4.0,4.0,3.0,2
Utrecht,1.0,4.0,1.0,1.0,3.0,3.0,3.0,1.0,2.0,5.0,3.0,1.0,4.0,4.0,3.0,3.0,3.0,1.0,1.0,1
Groningen,7.0,4.0,1.0,2.0,2.0,1.0,4.0,1.0,3.0,4.0,2.0,2.0,2.0,3.0,2.0,1.0,3.0,1.0,3.0,5
North Holland,3.0,2.0,4.0,3.0,1.0,1.0,1.0,5.0,2.0,1.0,4.0,4.0,6.0,1.0,3.0,5.0,6.0,6.0,2.0,7
South Holland,1.0,2.0,2.0,4.0,2.0,2.0,1.0,2.0,5.0,2.0,5.0,4.0,4.0,2.0,4.0,5.0,4.0,6.0,4.0,7
Gelderland,2.0,4.0,1.0,1.0,3.0,3.0,2.0,1.0,4.0,3.0,2.0,1.0,6.0,1.0,2.0,2.0,3.0,3.0,1.0,2
South Holland,4.0,2.0,2.0,4.0,2.0,1.0,1.0,2.0,5.0,2.0,6.0,5.0,8.0,6.0,5.0,3.0,6.0,6.0,5.0,4
South Holland,1.0,5.0,1.0,1.0,1.0,3.0,4.0,1.0,1.0,5.0,1.0,2.0,4.0,2.0,3.0,5.0,1.0,1.0,1.0,5
North Holland,4.0,3.0,2.0,3.0,3.0,2.0,2.0,2.0,5.0,2.0,5.0,5.0,7.0,7.0,4.0,4.0,4.0,6.0,5.0,4
Utrecht,1.0,4.0,1.0,3.0,3.0,2.0,2.0,2.0,5.0,2.0,4.0,2.0,9.0,4.0,5.0,4.0,4.0,5.0,2.0,6
Gelderland,6.0,3.0,1.0,3.0,3.0,2.0,1.0,1.0,4.0,4.0,4.0,4.0,7.0,9.0,4.0,2.0,4.0,4.0,5.0,4
North Brabant,3.0,3.0,1.0,3.0,3.0,1.0,2.0,1.0,4.0,3.0,4.0,4.0,5.0,4.0,5.0,5.0,3.0,4.0,3.0,6
South Holland,3.0,2.0,1.0,3.0,4.0,1.0,1.0,2.0,5.0,1.0,2.0,2.0,2.0,2.0,3.0,4.0,5.0,6.0,2.0,7
North Holland,1.0,3.0,1.0,4.0,3.0,1.0,1.0,2.0,5.0,1.0,4.0,1.0,10.0,2.0,4.0,5.0,6.0,5.0,3.0,7
North Holland,1.0,1.0,5.0,1.0,1.0,1.0,1.0,5.0,1.0,1.0,3.0,4.0,11.0,9.0,3.0,4.0,6.0,6.0,4.0,0
North Holland,7.0,3.0,1.0,1.0,4.0,2.0,2.0,1.0,2.0,5.0,2.0,2.0,6.0,3.0,4.0,3.0,3.0,2.0,3.0,1
South Holland,1.0,5.0,1.0,1.0,1.0,2.0,5.0,1.0,1.0,5.0,1.0,1.0,2.0,2.0,3.0,5.0,2.0,1.0,1.0,5
South Holland,1.0,2.0,2.0,4.0,2.0,1.0,1.0,2.0,5.0,1.0,5.0,2.0,7.0,4.0,5.0,4.0,5.0,6.0,4.0,4
Overijssel,2.0,2.0,2.0,4.0,2.0,1.0,1.0,2.0,5.0,1.0,5.0,4.0,6.0,9.0,4.0,3.0,6.0,6.0,5.0,4
South Holland,3.0,6.0,2.0,4.0,3.0,1.0,1.0,2.0,4.0,3.0,2.0,2.0,9.0,9.0,3.0,2.0,3.0,2.0,5.0,3
Drenthe,5.0,2.0,3.0,3.0,2.0,1.0,2.0,3.0,3.0,2.0,4.0,4.0,8.0,6.0,4.0,2.0,6.0,6.0,5.0,4
Groningen,2.0,4.0,2.0,5.0,1.0,1.0,2.0,2.0,5.0,2.0,4.0,1.0,9.0,4.0,6.0,1.0,5.0,6.0,1.0,3
South Holland,1.0,4.0,2.0,2.0,2.0,4.0,2.0,2.0,5.0,1.0,2.0,2.0,3.0,1.0,2.0,2.0,6.0,4.0,1.0,2
South Holland,4.0,3.0,1.0,2.0,3.0,3.0,1.0,2.0,3.0,4.0,3.0,2.0,6.0,1.0,3.0,3.0,5.0,4.0,3.0,2
South Holland,3.0,4.0,1.0,1.0,4.0,2.0,2.0,1.0,2.0,5.0,2.0,2.0,3.0,4.0,4.0,4.0,2.0,2.0,1.0,1
Flevoland,2.0,3.0,1.0,4.0,3.0,1.0,1.0,2.0,4.0,3.0,3.0,4.0,6.0,6.0,4.0,4.0,4.0,4.0,4.0,6
North Holland,1.0,3.0,4.0,3.0,1.0,1.0,1.0,5.0,2.0,1.0,4.0,2.0,11.0,7.0,4.0,6.0,6.0,6.0,4.0,0
North Holland,1.0,3.0,4.0,3.0,1.0,1.0,1.0,5.0,2.0,1.0,4.0,2.0,11.0,7.0,4.0,6.0,6.0,6.0,4.0,0
Overijssel,2.0,5.0,1.0,1.0,3.0,3.0,3.0,1.0,2.0,5.0,1.0,1.0,4.0,1.0,3.0,5.0,3.0,1.0,1.0,1
South Holland,1.0,4.0,1.0,2.0,3.0,3.0,3.0,2.0,3.0,4.0,2.0,1.0,2.0,2.0,3.0,4.0,2.0,2.0,2.0,1
North Holland,1.0,5.0,1.0,2.0,3.0,3.0,2.0,1.0,3.0,4.0,3.0,2.0,6.0,3.0,3.0,4.0,3.0,4.0,3.0,1
South Holland,1.0,1.0,5.0,2.0,1.0,1.0,2.0,5.0,2.0,2.0,6.0,4.0,9.0,6.0,6.0,2.0,5.0,6.0,5.0,0
South Holland,4.0,2.0,2.0,5.0,2.0,1.0,1.0,2.0,5.0,1.0,6.0,4.0,6.0,4.0,5.0,4.0,6.0,5.0,5.0,4
North Holland,3.0,3.0,1.0,1.0,2.0,4.0,3.0,1.0,5.0,2.0,2.0,1.0,4.0,4.0,3.0,5.0,3.0,2.0,1.0,2
Overijssel,2.0,4.0,1.0,2.0,4.0,3.0,2.0,1.0,3.0,4.0,2.0,2.0,3.0,1.0,3.0,3.0,3.0,1.0,3.0,1
Gelderland,4.0,3.0,1.0,3.0,4.0,2.0,2.0,1.0,5.0,2.0,5.0,4.0,5.0,6.0,5.0,4.0,5.0,4.0,3.0,6
Groningen,2.0,5.0,1.0,1.0,1.0,5.0,1.0,5.0,1.0,1.0,1.0,1.0,12.0,1.0,2.0,1.0,6.0,1.0,1.0,2
South Holland,3.0,3.0,1.0,1.0,4.0,3.0,1.0,1.0,3.0,4.0,1.0,1.0,3.0,2.0,3.0,3.0,4.0,3.0,2.0,2
South Holland,1.0,4.0,1.0,1.0,1.0,2.0,5.0,1.0,1.0,5.0,1.0,1.0,3.0,3.0,2.0,1.0,1.0,1.0,2.0,5
Gelderland,4.0,2.0,4.0,2.0,2.0,1.0,1.0,5.0,2.0,1.0,6.0,5.0,10.0,6.0,6.0,1.0,6.0,6.0,5.0,0
South Holland,2.0,3.0,1.0,2.0,4.0,2.0,1.0,2.0,2.0,5.0,4.0,2.0,6.0,4.0,5.0,4.0,2.0,2.0,4.0,6
South Holland,4.0,6.0,3.0,3.0,3.0,1.0,1.0,3.0,4.0,2.0,4.0,3.0,9.0,9.0,4.0,3.0,4.0,4.0,4.0,3
Gelderland,2.0,4.0,1.0,1.0,2.0,4.0,3.0,1.0,3.0,4.0,2.0,1.0,3.0,1.0,2.0,3.0,3.0,3.0,1.0,2
North Holland,3.0,4.0,1.0,1.0,4.0,1.0,3.0,1.0,2.0,5.0,4.0,1.0,7.0,3.0,5.0,4.0,2.0,3.0,3.0,1
Utrecht,3.0,6.0,3.0,3.0,2.0,1.0,1.0,4.0,3.0,1.0,6.0,4.0,9.0,6.0,5.0,2.0,6.0,6.0,5.0,3
Gelderland,4.0,2.0,1.0,5.0,2.0,1.0,1.0,2.0,5.0,2.0,4.0,5.0,5.0,9.0,4.0,4.0,5.0,5.0,5.0,4
South Holland,3.0,3.0,1.0,4.0,4.0,1.0,1.0,1.0,5.0,2.0,5.0,5.0,3.0,8.0,4.0,5.0,3.0,6.0,5.0,4
Utrecht,6.0,6.0,4.0,2.0,2.0,2.0,1.0,4.0,3.0,2.0,4.0,4.0,10.0,3.0,3.0,1.0,4.0,6.0,4.0,3
Overijssel,6.0,4.0,1.0,2.0,2.0,3.0,4.0,2.0,1.0,5.0,2.0,1.0,5.0,9.0,4.0,2.0,2.0,2.0,5.0,5
Overijssel,2.0,2.0,2.0,5.0,1.0,1.0,1.0,2.0,5.0,1.0,5.0,5.0,8.0,4.0,4.0,4.0,6.0,6.0,5.0,4
Utrecht,4.0,3.0,1.0,2.0,3.0,3.0,2.0,1.0,3.0,4.0,1.0,1.0,5.0,2.0,4.0,2.0,3.0,1.0,1.0,1
Groningen,6.0,5.0,1.0,2.0,1.0,3.0,4.0,2.0,2.0,5.0,1.0,1.0,3.0,3.0,4.0,2.0,2.0,2.0,2.0,5
Utrecht,6.0,4.0,1.0,1.0,3.0,2.0,3.0,1.0,2.0,5.0,2.0,1.0,6.0,3.0,4.0,4.0,3.0,3.0,5.0,1
Limburg,4.0,4.0,2.0,2.0,4.0,1.0,2.0,2.0,2.0,4.0,3.0,2.0,5.0,6.0,4.0,4.0,2.0,3.0,5.0,6
South Holland,1.0,1.0,5.0,1.0,1.0,1.0,1.0,5.0,1.0,1.0,6.0,4.0,13.0,6.0,5.0,4.0,6.0,6.0,5.0,0
Groningen,2.0,5.0,1.0,1.0,2.0,2.0,4.0,2.0,5.0,1.0,1.0,2.0,2.0,1.0,2.0,3.0,6.0,2.0,1.0,2
Utrecht,3.0,4.0,1.0,1.0,2.0,2.0,4.0,1.0,2.0,5.0,2.0,1.0,3.0,4.0,4.0,2.0,5.0,1.0,1.0,5
Utrecht,1.0,3.0,1.0,1.0,2.0,3.0,4.0,1.0,5.0,2.0,1.0,1.0,2.0,2.0,2.0,3.0,4.0,6.0,1.0,2
Overijssel,4.0,4.0,2.0,2.0,2.0,2.0,4.0,2.0,2.0,5.0,2.0,2.0,4.0,3.0,4.0,2.0,3.0,3.0,5.0,5
South Holland,1.0,2.0,1.0,1.0,3.0,4.0,1.0,1.0,5.0,1.0,2.0,2.0,2.0,2.0,3.0,5.0,3.0,6.0,3.0,2
Gelderland,4.0,1.0,4.0,2.0,2.0,1.0,1.0,4.0,3.0,1.0,5.0,4.0,10.0,6.0,4.0,3.0,6.0,6.0,5.0,0
South Holland,4.0,2.0,3.0,3.0,1.0,1.0,1.0,3.0,4.0,1.0,5.0,4.0,9.0,2.0,3.0,3.0,6.0,6.0,3.0,7
Gelderland,4.0,6.0,4.0,3.0,2.0,2.0,1.0,3.0,4.0,2.0,3.0,4.0,12.0,9.0,4.0,2.0,6.0,4.0,5.0,3
North Brabant,3.0,3.0,1.0,1.0,3.0,3.0,3.0,2.0,2.0,5.0,2.0,1.0,4.0,2.0,4.0,4.0,3.0,2.0,4.0,1
Gelderland,7.0,2.0,4.0,2.0,2.0,1.0,1.0,4.0,3.0,1.0,4.0,4.0,11.0,9.0,4.0,3.0,6.0,5.0,5.0,0
South Holland,2.0,6.0,1.0,4.0,3.0,1.0,1.0,2.0,5.0,2.0,2.0,1.0,6.0,3.0,3.0,4.0,5.0,6.0,3.0,7
Flevoland,2.0,1.0,5.0,2.0,1.0,1.0,1.0,5.0,1.0,2.0,4.0,5.0,11.0,9.0,4.0,2.0,6.0,6.0,5.0,0
North Holland,3.0,4.0,1.0,1.0,3.0,3.0,2.0,1.0,2.0,5.0,1.0,1.0,5.0,2.0,4.0,3.0,2.0,2.0,1.0,1
Gelderland,3.0,3.0,2.0,1.0,4.0,3.0,1.0,2.0,5.0,1.0,2.0,2.0,2.0,1.0,2.0,3.0,6.0,6.0,1.0,2
North Brabant,2.0,4.0,1.0,1.0,2.0,4.0,2.0,2.0,3.0,4.0,1.0,1.0,5.0,3.0,3.0,2.0,2.0,1.0,4.0,1
Gelderland,5.0,3.0,1.0,2.0,4.0,2.0,2.0,2.0,4.0,3.0,5.0,4.0,4.0,6.0,4.0,5.0,4.0,6.0,5.0,6
Gelderland,2.0,6.0,4.0,2.0,1.0,1.0,1.0,5.0,2.0,1.0,5.0,4.0,8.0,6.0,5.0,3.0,5.0,6.0,5.0,3
South Holland,4.0,4.0,1.0,2.0,2.0,2.0,4.0,1.0,2.0,5.0,2.0,2.0,3.0,3.0,4.0,2.0,2.0,2.0,2.0,5
South Holland,3.0,4.0,1.0,1.0,2.0,2.0,4.0,2.0,1.0,5.0,1.0,1.0,4.0,3.0,3.0,1.0,1.0,1.0,3.0,5
South Holland,1.0,2.0,3.0,2.0,3.0,1.0,1.0,3.0,3.0,3.0,4.0,3.0,6.0,3.0,4.0,3.0,5.0,5.0,3.0,7
Gelderland,6.0,3.0,1.0,3.0,3.0,2.0,2.0,2.0,3.0,4.0,3.0,3.0,5.0,3.0,3.0,2.0,3.0,3.0,5.0,6
South Holland,1.0,1.0,5.0,1.0,1.0,1.0,1.0,5.0,1.0,1.0,4.0,4.0,7.0,9.0,4.0,4.0,6.0,6.0,5.0,0
Gelderland,6.0,4.0,1.0,2.0,3.0,3.0,3.0,2.0,2.0,5.0,2.0,2.0,5.0,6.0,5.0,4.0,2.0,3.0,4.0,1
South Holland,4.0,4.0,1.0,2.0,2.0,2.0,4.0,1.0,2.0,5.0,2.0,1.0,2.0,1.0,3.0,2.0,4.0,2.0,2.0,5
Gelderland,4.0,3.0,1.0,1.0,2.0,4.0,3.0,2.0,4.0,3.0,1.0,1.0,2.0,1.0,2.0,5.0,5.0,6.0,1.0,2
North Holland,1.0,3.0,1.0,2.0,4.0,3.0,1.0,1.0,2.0,5.0,5.0,1.0,5.0,4.0,6.0,6.0,5.0,6.0,1.0,6
South Holland,1.0,4.0,1.0,2.0,3.0,3.0,3.0,2.0,3.0,4.0,2.0,1.0,2.0,2.0,3.0,4.0,2.0,2.0,2.0,1
North Brabant,4.0,2.0,4.0,3.0,2.0,1.0,1.0,5.0,2.0,1.0,4.0,4.0,6.0,2.0,3.0,3.0,6.0,6.0,5.0,0
South Holland,3.0,2.0,2.0,4.0,3.0,1.0,1.0,2.0,5.0,2.0,5.0,4.0,5.0,7.0,3.0,4.0,4.0,6.0,4.0,4
North Holland,5.0,2.0,4.0,3.0,2.0,1.0,1.0,4.0,3.0,2.0,3.0,5.0,10.0,9.0,4.0,2.0,6.0,4.0,5.0,0
North Brabant,5.0,1.0,5.0,2.0,1.0,1.0,1.0,5.0,1.0,1.0,4.0,5.0,9.0,8.0,4.0,1.0,6.0,6.0,5.0,0
North Holland,4.0,4.0,1.0,1.0,3.0,3.0,3.0,1.0,2.0,5.0,2.0,2.0,6.0,9.0,4.0,3.0,3.0,4.0,4.0,1
Utrecht,4.0,2.0,5.0,2.0,2.0,1.0,1.0,5.0,2.0,2.0,6.0,5.0,8.0,4.0,5.0,4.0,6.0,6.0,5.0,0
Utrecht,4.0,2.0,4.0,2.0,2.0,1.0,1.0,4.0,3.0,2.0,6.0,5.0,9.0,4.0,5.0,4.0,5.0,6.0,5.0,0
Flevoland,4.0,2.0,2.0,3.0,3.0,2.0,1.0,2.0,5.0,2.0,4.0,2.0,5.0,2.0,3.0,5.0,5.0,6.0,5.0,7
Gelderland,4.0,4.0,1.0,1.0,1.0,4.0,3.0,1.0,2.0,5.0,2.0,2.0,4.0,4.0,4.0,2.0,3.0,2.0,1.0,5
South Holland,2.0,2.0,4.0,3.0,2.0,1.0,1.0,3.0,3.0,2.0,6.0,4.0,9.0,9.0,5.0,2.0,6.0,6.0,5.0,0
Utrecht,4.0,3.0,1.0,2.0,4.0,3.0,2.0,2.0,3.0,4.0,4.0,2.0,8.0,3.0,4.0,4.0,3.0,3.0,5.0,6
Gelderland,2.0,4.0,1.0,2.0,3.0,3.0,2.0,1.0,5.0,2.0,2.0,2.0,4.0,2.0,2.0,5.0,3.0,3.0,2.0,2
South Holland,2.0,6.0,2.0,3.0,3.0,2.0,1.0,4.0,3.0,1.0,3.0,2.0,5.0,1.0,3.0,4.0,6.0,6.0,2.0,7
Gelderland,4.0,3.0,1.0,2.0,5.0,2.0,2.0,1.0,2.0,5.0,3.0,1.0,6.0,6.0,4.0,5.0,3.0,3.0,4.0,6
North Brabant,2.0,4.0,2.0,2.0,1.0,1.0,5.0,2.0,2.0,5.0,2.0,2.0,4.0,3.0,2.0,1.0,2.0,2.0,1.0,5
Utrecht,3.0,4.0,1.0,1.0,3.0,4.0,2.0,1.0,2.0,5.0,3.0,1.0,5.0,4.0,4.0,2.0,4.0,2.0,1.0,1
Limburg,4.0,4.0,1.0,1.0,3.0,3.0,2.0,2.0,3.0,4.0,2.0,2.0,3.0,4.0,3.0,5.0,3.0,2.0,2.0,1
Gelderland,6.0,2.0,4.0,3.0,1.0,1.0,1.0,4.0,3.0,1.0,5.0,4.0,10.0,9.0,4.0,4.0,6.0,6.0,5.0,0
South Holland,4.0,2.0,1.0,4.0,3.0,1.0,1.0,1.0,5.0,2.0,5.0,5.0,5.0,6.0,6.0,4.0,6.0,6.0,4.0,4
Overijssel,7.0,6.0,2.0,4.0,2.0,1.0,1.0,2.0,4.0,2.0,4.0,4.0,8.0,2.0,4.0,2.0,6.0,6.0,5.0,3
North Brabant,2.0,3.0,2.0,3.0,3.0,2.0,2.0,2.0,4.0,3.0,5.0,4.0,8.0,4.0,4.0,4.0,3.0,4.0,4.0,6
South Holland,3.0,2.0,3.0,4.0,2.0,1.0,1.0,3.0,4.0,1.0,4.0,2.0,7.0,3.0,3.0,2.0,5.0,6.0,3.0,7
Zeeland,6.0,3.0,3.0,3.0,3.0,1.0,1.0,2.0,3.0,3.0,4.0,4.0,6.0,9.0,4.0,3.0,4.0,4.0,5.0,4
South Holland,3.0,4.0,1.0,1.0,3.0,4.0,2.0,1.0,2.0,5.0,1.0,1.0,4.0,1.0,3.0,3.0,3.0,1.0,1.0,1
Utrecht,1.0,2.0,1.0,1.0,3.0,4.0,2.0,1.0,5.0,2.0,1.0,1.0,4.0,1.0,3.0,3.0,3.0,1.0,1.0,2
Groningen,6.0,2.0,2.0,4.0,3.0,1.0,1.0,3.0,4.0,2.0,5.0,5.0,9.0,6.0,5.0,3.0,5.0,6.0,5.0,4
South Holland,5.0,1.0,5.0,2.0,1.0,1.0,1.0,5.0,2.0,2.0,5.0,4.0,9.0,6.0,4.0,1.0,5.0,6.0,5.0,0
North Holland,3.0,4.0,1.0,1.0,2.0,3.0,4.0,1.0,1.0,5.0,1.0,1.0,4.0,4.0,4.0,1.0,3.0,3.0,1.0,5
South Holland,3.0,1.0,5.0,1.0,1.0,1.0,1.0,5.0,1.0,1.0,5.0,5.0,12.0,9.0,5.0,1.0,5.0,6.0,5.0,0
Flevoland,2.0,2.0,2.0,2.0,4.0,1.0,1.0,5.0,2.0,1.0,3.0,2.0,3.0,1.0,3.0,6.0,5.0,6.0,2.0,7
Overijssel,3.0,3.0,1.0,2.0,3.0,3.0,2.0,2.0,3.0,4.0,5.0,3.0,3.0,4.0,5.0,4.0,4.0,4.0,3.0,6
Gelderland,4.0,2.0,4.0,1.0,3.0,1.0,1.0,4.0,2.0,2.0,6.0,5.0,7.0,4.0,5.0,4.0,4.0,6.0,4.0,0
South Holland,1.0,4.0,1.0,1.0,1.0,2.0,5.0,1.0,1.0,5.0,1.0,1.0,3.0,3.0,2.0,1.0,1.0,1.0,2.0,5
Utrecht,3.0,4.0,1.0,2.0,2.0,3.0,3.0,1.0,2.0,5.0,2.0,1.0,7.0,9.0,5.0,2.0,2.0,1.0,3.0,1
Gelderland,4.0,2.0,4.0,2.0,2.0,1.0,1.0,4.0,3.0,1.0,6.0,5.0,8.0,6.0,6.0,4.0,6.0,6.0,5.0,0
Gelderland,2.0,2.0,1.0,3.0,4.0,2.0,1.0,1.0,5.0,1.0,3.0,1.0,4.0,1.0,4.0,4.0,6.0,6.0,2.0,7
North Holland,5.0,1.0,4.0,3.0,1.0,1.0,1.0,4.0,3.0,2.0,5.0,4.0,9.0,6.0,4.0,4.0,6.0,6.0,5.0,0
North Brabant,2.0,4.0,1.0,1.0,3.0,3.0,2.0,1.0,2.0,5.0,1.0,1.0,6.0,1.0,3.0,2.0,4.0,3.0,1.0,1
Limburg,2.0,2.0,3.0,2.0,3.0,2.0,1.0,4.0,3.0,1.0,2.0,2.0,1.0,1.0,2.0,1.0,6.0,4.0,2.0,7
Gelderland,5.0,1.0,1.0,2.0,2.0,4.0,1.0,1.0,5.0,2.0,1.0,1.0,5.0,2.0,2.0,3.0,6.0,6.0,2.0,2
South Holland,1.0,4.0,1.0,1.0,3.0,3.0,3.0,1.0,2.0,5.0,2.0,1.0,4.0,3.0,3.0,2.0,1.0,2.0,2.0,1
South Holland,1.0,5.0,2.0,2.0,2.0,2.0,3.0,2.0,3.0,4.0,2.0,2.0,4.0,3.0,4.0,3.0,3.0,3.0,3.0,1
North Holland,1.0,1.0,4.0,3.0,2.0,1.0,1.0,5.0,2.0,1.0,3.0,2.0,10.0,1.0,3.0,3.0,6.0,6.0,2.0,7
North Brabant,6.0,2.0,2.0,3.0,4.0,1.0,1.0,2.0,5.0,2.0,3.0,2.0,10.0,2.0,3.0,5.0,6.0,6.0,5.0,7
North Brabant,6.0,2.0,2.0,3.0,4.0,1.0,1.0,2.0,5.0,2.0,3.0,2.0,10.0,2.0,3.0,5.0,6.0,6.0,5.0,7
South Holland,4.0,2.0,1.0,4.0,3.0,1.0,1.0,1.0,4.0,3.0,2.0,4.0,5.0,3.0,3.0,1.0,5.0,3.0,5.0,4
South Holland,4.0,2.0,3.0,3.0,2.0,1.0,1.0,3.0,4.0,2.0,4.0,4.0,10.0,9.0,4.0,2.0,5.0,5.0,5.0,4
Gelderland,5.0,3.0,4.0,2.0,2.0,1.0,1.0,5.0,2.0,1.0,2.0,4.0,5.0,1.0,2.0,4.0,6.0,6.0,2.0,7
South Holland,6.0,6.0,2.0,4.0,3.0,2.0,1.0,2.0,5.0,2.0,5.0,5.0,8.0,9.0,4.0,2.0,5.0,5.0,4.0,3
Gelderland,4.0,1.0,5.0,2.0,1.0,2.0,1.0,5.0,1.0,2.0,3.0,5.0,10.0,9.0,3.0,2.0,6.0,4.0,5.0,0
North Holland,1.0,1.0,5.0,1.0,1.0,1.0,1.0,5.0,2.0,1.0,6.0,4.0,9.0,4.0,5.0,4.0,6.0,6.0,5.0,0
Gelderland,2.0,2.0,3.0,2.0,4.0,2.0,1.0,3.0,4.0,2.0,3.0,4.0,5.0,3.0,2.0,4.0,6.0,5.0,5.0,7
Gelderland,4.0,1.0,4.0,2.0,2.0,1.0,1.0,4.0,3.0,1.0,5.0,4.0,10.0,6.0,4.0,3.0,6.0,6.0,5.0,0
Overijssel,2.0,5.0,1.0,1.0,4.0,2.0,2.0,1.0,3.0,4.0,2.0,2.0,4.0,6.0,5.0,4.0,2.0,2.0,2.0,1
Gelderland,7.0,3.0,1.0,2.0,3.0,3.0,2.0,1.0,5.0,2.0,2.0,2.0,1.0,2.0,3.0,4.0,3.0,4.0,5.0,2
Utrecht,1.0,4.0,3.0,3.0,2.0,1.0,1.0,3.0,4.0,1.0,6.0,4.0,10.0,4.0,5.0,5.0,6.0,6.0,4.0,4
South Holland,3.0,2.0,1.0,3.0,4.0,1.0,1.0,2.0,5.0,1.0,2.0,2.0,2.0,2.0,3.0,4.0,5.0,6.0,2.0,7
South Holland,1.0,1.0,5.0,2.0,1.0,1.0,1.0,5.0,2.0,1.0,5.0,4.0,11.0,4.0,5.0,4.0,6.0,6.0,4.0,0
Utrecht,1.0,4.0,1.0,2.0,3.0,3.0,2.0,1.0,2.0,5.0,3.0,2.0,4.0,4.0,5.0,4.0,3.0,3.0,2.0,1
South Holland,5.0,3.0,2.0,3.0,3.0,2.0,2.0,2.0,3.0,4.0,3.0,2.0,7.0,3.0,4.0,2.0,4.0,4.0,4.0,6
North Holland,1.0,4.0,2.0,3.0,3.0,1.0,1.0,2.0,5.0,1.0,2.0,2.0,9.0,3.0,3.0,1.0,2.0,3.0,5.0,7
South Holland,1.0,2.0,4.0,2.0,1.0,1.0,1.0,5.0,2.0,1.0,6.0,4.0,9.0,6.0,6.0,4.0,6.0,6.0,5.0,0
South Holland,1.0,3.0,2.0,4.0,3.0,1.0,2.0,2.0,4.0,2.0,4.0,1.0,9.0,9.0,4.0,4.0,3.0,4.0,4.0,6
South Holland,1.0,3.0,2.0,5.0,2.0,1.0,1.0,2.0,5.0,1.0,6.0,4.0,5.0,8.0,4.0,5.0,6.0,6.0,5.0,4
South Holland,7.0,2.0,2.0,4.0,3.0,1.0,1.0,2.0,4.0,3.0,5.0,4.0,10.0,9.0,3.0,3.0,6.0,5.0,5.0,4
South Holland,3.0,3.0,1.0,1.0,5.0,2.0,1.0,1.0,2.0,5.0,3.0,1.0,7.0,6.0,5.0,4.0,3.0,3.0,5.0,6
South Holland,4.0,1.0,5.0,1.0,1.0,1.0,1.0,5.0,1.0,1.0,2.0,4.0,15.0,9.0,4.0,1.0,3.0,3.0,5.0,0
South Holland,3.0,5.0,1.0,1.0,2.0,4.0,3.0,1.0,2.0,5.0,1.0,1.0,4.0,4.0,6.0,3.0,3.0,2.0,1.0,1
South Holland,4.0,4.0,1.0,1.0,1.0,3.0,4.0,1.0,1.0,5.0,1.0,1.0,4.0,2.0,3.0,2.0,2.0,1.0,1.0,5
South Holland,4.0,3.0,1.0,4.0,3.0,1.0,1.0,2.0,4.0,3.0,4.0,4.0,7.0,9.0,4.0,3.0,6.0,4.0,5.0,4
South Holland,1.0,4.0,1.0,1.0,4.0,3.0,2.0,1.0,2.0,5.0,5.0,1.0,6.0,4.0,6.0,5.0,2.0,4.0,4.0,1
South Holland,6.0,6.0,4.0,2.0,3.0,1.0,1.0,4.0,3.0,1.0,4.0,4.0,12.0,9.0,5.0,2.0,6.0,6.0,3.0,3
Gelderland,7.0,1.0,5.0,2.0,2.0,2.0,1.0,5.0,2.0,1.0,5.0,4.0,10.0,4.0,5.0,4.0,5.0,6.0,5.0,0
Friesland,4.0,1.0,5.0,1.0,1.0,1.0,1.0,5.0,1.0,1.0,6.0,5.0,9.0,6.0,6.0,1.0,6.0,6.0,5.0,0
South Holland,1.0,3.0,4.0,3.0,3.0,1.0,1.0,4.0,4.0,1.0,1.0,1.0,11.0,1.0,2.0,1.0,6.0,6.0,2.0,7
Limburg,4.0,3.0,1.0,2.0,3.0,3.0,1.0,2.0,4.0,2.0,1.0,1.0,3.0,2.0,2.0,2.0,4.0,2.0,2.0,2
South Holland,6.0,2.0,4.0,4.0,1.0,1.0,1.0,2.0,5.0,1.0,5.0,5.0,10.0,9.0,4.0,3.0,6.0,4.0,5.0,4
North Holland,3.0,2.0,4.0,2.0,2.0,1.0,1.0,4.0,3.0,1.0,5.0,4.0,11.0,6.0,4.0,3.0,5.0,6.0,4.0,0
Groningen,7.0,4.0,1.0,2.0,3.0,3.0,3.0,2.0,2.0,4.0,3.0,2.0,3.0,3.0,3.0,2.0,3.0,1.0,4.0,5
North Brabant,6.0,1.0,4.0,3.0,1.0,1.0,1.0,4.0,3.0,1.0,5.0,4.0,9.0,6.0,5.0,1.0,4.0,6.0,5.0,0
Friesland,5.0,2.0,2.0,4.0,3.0,1.0,1.0,2.0,4.0,2.0,6.0,5.0,6.0,8.0,4.0,3.0,5.0,6.0,5.0,4
Groningen,7.0,4.0,1.0,1.0,2.0,2.0,4.0,1.0,2.0,5.0,3.0,2.0,3.0,3.0,3.0,3.0,2.0,3.0,5.0,5
Utrecht,3.0,4.0,1.0,1.0,3.0,3.0,3.0,2.0,3.0,4.0,2.0,1.0,5.0,6.0,4.0,3.0,3.0,3.0,2.0,1
South Holland,1.0,3.0,1.0,2.0,3.0,3.0,2.0,1.0,4.0,3.0,2.0,2.0,4.0,9.0,3.0,3.0,3.0,4.0,3.0,2
Overijssel,3.0,3.0,1.0,2.0,3.0,3.0,2.0,2.0,3.0,4.0,5.0,3.0,3.0,4.0,5.0,4.0,4.0,4.0,3.0,6
North Holland,6.0,6.0,3.0,3.0,2.0,1.0,1.0,2.0,5.0,1.0,6.0,5.0,9.0,6.0,4.0,2.0,5.0,6.0,5.0,3
North Brabant,2.0,4.0,2.0,1.0,2.0,3.0,4.0,2.0,3.0,4.0,2.0,1.0,2.0,1.0,3.0,1.0,5.0,3.0,1.0,5
Utrecht,3.0,2.0,4.0,3.0,2.0,1.0,1.0,4.0,3.0,2.0,6.0,2.0,9.0,4.0,6.0,5.0,6.0,6.0,4.0,0
Limburg,7.0,3.0,2.0,4.0,3.0,1.0,1.0,2.0,4.0,2.0,6.0,4.0,10.0,6.0,4.0,3.0,5.0,6.0,5.0,4
North Holland,5.0,2.0,3.0,3.0,2.0,1.0,2.0,2.0,5.0,2.0,6.0,4.0,9.0,6.0,5.0,3.0,4.0,6.0,4.0,4
South Holland,4.0,2.0,2.0,4.0,2.0,2.0,1.0,2.0,4.0,2.0,5.0,4.0,6.0,4.0,5.0,3.0,5.0,6.0,5.0,4
North Holland,3.0,2.0,2.0,3.0,3.0,2.0,1.0,3.0,4.0,2.0,6.0,4.0,8.0,4.0,5.0,4.0,4.0,6.0,5.0,4
Overijssel,5.0,6.0,3.0,3.0,2.0,1.0,1.0,3.0,3.0,2.0,6.0,5.0,9.0,6.0,6.0,2.0,6.0,6.0,5.0,3
South Holland,1.0,3.0,1.0,2.0,3.0,4.0,1.0,2.0,5.0,2.0,2.0,1.0,2.0,1.0,3.0,4.0,3.0,3.0,2.0,2
North Holland,1.0,3.0,3.0,3.0,3.0,2.0,1.0,3.0,4.0,1.0,2.0,2.0,10.0,3.0,3.0,3.0,5.0,5.0,1.0,7
North Holland,7.0,2.0,3.0,3.0,2.0,1.0,1.0,3.0,4.0,1.0,6.0,5.0,10.0,4.0,6.0,2.0,6.0,6.0,5.0,4
Groningen,7.0,2.0,2.0,4.0,2.0,1.0,1.0,2.0,4.0,3.0,6.0,5.0,6.0,9.0,4.0,2.0,4.0,6.0,5.0,4
Utrecht,3.0,3.0,1.0,4.0,3.0,2.0,1.0,1.0,4.0,3.0,6.0,4.0,6.0,4.0,5.0,4.0,6.0,6.0,5.0,4
South Holland,1.0,2.0,1.0,3.0,4.0,1.0,1.0,1.0,4.0,3.0,5.0,2.0,4.0,6.0,5.0,5.0,2.0,5.0,5.0,6
Overijssel,3.0,5.0,1.0,1.0,3.0,3.0,3.0,1.0,1.0,5.0,2.0,2.0,3.0,4.0,5.0,4.0,2.0,3.0,3.0,1
North Holland,1.0,1.0,5.0,2.0,2.0,1.0,1.0,5.0,1.0,2.0,5.0,4.0,10.0,8.0,3.0,3.0,6.0,6.0,5.0,0
Gelderland,4.0,2.0,3.0,3.0,3.0,1.0,1.0,4.0,3.0,1.0,2.0,4.0,3.0,1.0,2.0,3.0,6.0,6.0,2.0,7
Groningen,4.0,4.0,1.0,1.0,3.0,2.0,3.0,1.0,2.0,5.0,3.0,2.0,4.0,6.0,6.0,3.0,2.0,3.0,2.0,1
South Holland,7.0,3.0,2.0,3.0,3.0,2.0,2.0,1.0,3.0,4.0,4.0,4.0,6.0,2.0,4.0,2.0,5.0,4.0,5.0,6
South Holland,3.0,3.0,1.0,1.0,2.0,4.0,2.0,1.0,5.0,2.0,1.0,1.0,3.0,1.0,3.0,3.0,4.0,6.0,1.0,2
Flevoland,3.0,4.0,1.0,2.0,3.0,3.0,2.0,1.0,4.0,4.0,2.0,4.0,4.0,2.0,3.0,4.0,4.0,3.0,3.0,2
South Holland,7.0,2.0,3.0,4.0,2.0,1.0,1.0,4.0,2.0,2.0,3.0,4.0,11.0,6.0,4.0,3.0,4.0,6.0,5.0,0
Groningen,6.0,3.0,2.0,4.0,2.0,1.0,1.0,1.0,5.0,2.0,5.0,4.0,9.0,4.0,4.0,3.0,6.0,6.0,5.0,4
Overijssel,2.0,2.0,1.0,2.0,4.0,2.0,1.0,1.0,5.0,2.0,2.0,2.0,4.0,3.0,3.0,5.0,2.0,3.0,4.0,6
South Holland,1.0,4.0,1.0,1.0,5.0,1.0,1.0,1.0,5.0,1.0,1.0,1.0,4.0,6.0,3.0,1.0,6.0,6.0,1.0,2
North Holland,3.0,4.0,1.0,1.0,1.0,3.0,4.0,1.0,4.0,4.0,2.0,1.0,5.0,2.0,2.0,2.0,6.0,3.0,1.0,2
North Brabant,4.0,3.0,1.0,3.0,4.0,2.0,1.0,2.0,3.0,4.0,3.0,2.0,5.0,2.0,4.0,4.0,3.0,3.0,5.0,6
Overijssel,2.0,5.0,1.0,1.0,3.0,4.0,2.0,2.0,3.0,3.0,1.0,2.0,2.0,1.0,2.0,3.0,4.0,4.0,2.0,2
Overijssel,2.0,3.0,2.0,4.0,2.0,2.0,1.0,2.0,4.0,1.0,1.0,4.0,9.0,3.0,3.0,1.0,4.0,2.0,5.0,7
Overijssel,6.0,3.0,1.0,4.0,4.0,1.0,1.0,3.0,3.0,3.0,4.0,5.0,6.0,3.0,4.0,1.0,5.0,5.0,5.0,4
Overijssel,5.0,3.0,1.0,4.0,3.0,2.0,1.0,1.0,3.0,4.0,6.0,4.0,11.0,6.0,6.0,3.0,5.0,6.0,5.0,4
Overijssel,2.0,2.0,4.0,1.0,3.0,1.0,1.0,4.0,3.0,1.0,6.0,5.0,10.0,6.0,5.0,2.0,4.0,6.0,4.0,0
Gelderland,2.0,2.0,2.0,4.0,2.0,2.0,2.0,2.0,4.0,2.0,6.0,5.0,6.0,4.0,5.0,4.0,4.0,6.0,4.0,4
North Brabant,4.0,1.0,5.0,2.0,1.0,1.0,1.0,5.0,2.0,1.0,6.0,4.0,12.0,6.0,6.0,3.0,6.0,6.0,5.0,0
North Holland,1.0,4.0,1.0,2.0,5.0,2.0,1.0,1.0,5.0,3.0,1.0,1.0,10.0,2.0,4.0,3.0,3.0,1.0,1.0,2
Overijssel,4.0,5.0,1.0,2.0,4.0,1.0,1.0,2.0,2.0,4.0,2.0,1.0,7.0,3.0,3.0,2.0,4.0,3.0,4.0,6
North Brabant,6.0,2.0,2.0,2.0,2.0,4.0,1.0,2.0,3.0,4.0,2.0,2.0,10.0,3.0,3.0,1.0,2.0,2.0,5.0,2
Utrecht,4.0,2.0,5.0,2.0,1.0,1.0,1.0,5.0,2.0,1.0,6.0,5.0,9.0,6.0,6.0,3.0,6.0,6.0,5.0,0
North Brabant,7.0,6.0,3.0,3.0,2.0,1.0,1.0,3.0,3.0,2.0,5.0,4.0,9.0,6.0,5.0,2.0,5.0,5.0,5.0,3
Overijssel,5.0,4.0,1.0,1.0,2.0,1.0,5.0,1.0,2.0,5.0,1.0,1.0,2.0,3.0,2.0,1.0,1.0,1.0,5.0,5
North Holland,4.0,1.0,4.0,3.0,2.0,1.0,1.0,4.0,2.0,2.0,6.0,5.0,7.0,4.0,5.0,4.0,5.0,6.0,4.0,0
Friesland,5.0,4.0,1.0,1.0,4.0,2.0,3.0,1.0,2.0,5.0,4.0,2.0,7.0,6.0,5.0,3.0,3.0,4.0,4.0,6
North Holland,3.0,2.0,2.0,3.0,3.0,1.0,1.0,3.0,4.0,2.0,5.0,4.0,8.0,3.0,4.0,4.0,6.0,6.0,5.0,4
South Holland,3.0,2.0,2.0,4.0,2.0,1.0,1.0,3.0,4.0,2.0,5.0,5.0,8.0,4.0,4.0,3.0,5.0,5.0,5.0,4
Gelderland,2.0,2.0,4.0,2.0,2.0,1.0,1.0,5.0,2.0,1.0,5.0,3.0,10.0,9.0,3.0,3.0,5.0,6.0,5.0,0
Gelderland,6.0,3.0,2.0,3.0,3.0,2.0,1.0,1.0,4.0,3.0,5.0,4.0,9.0,4.0,5.0,2.0,5.0,6.0,5.0,4
South Holland,1.0,4.0,1.0,1.0,1.0,5.0,2.0,1.0,1.0,5.0,1.0,1.0,3.0,3.0,3.0,5.0,1.0,1.0,3.0,1
South Holland,6.0,2.0,4.0,1.0,2.0,2.0,1.0,4.0,2.0,2.0,6.0,4.0,9.0,4.0,5.0,4.0,6.0,6.0,4.0,0
South Holland,7.0,2.0,3.0,4.0,2.0,1.0,1.0,2.0,5.0,2.0,5.0,4.0,7.0,7.0,4.0,5.0,6.0,6.0,5.0,4
North Holland,4.0,2.0,3.0,3.0,2.0,1.0,1.0,4.0,3.0,1.0,3.0,4.0,5.0,1.0,3.0,4.0,6.0,6.0,3.0,7
Overijssel,6.0,2.0,4.0,3.0,2.0,1.0,1.0,4.0,3.0,2.0,6.0,5.0,9.0,4.0,6.0,3.0,4.0,6.0,5.0,0
Overijssel,6.0,2.0,4.0,3.0,2.0,1.0,1.0,4.0,3.0,2.0,6.0,5.0,9.0,4.0,6.0,3.0,4.0,6.0,5.0,0
South Holland,3.0,3.0,1.0,1.0,4.0,3.0,1.0,1.0,1.0,5.0,3.0,1.0,5.0,9.0,4.0,4.0,2.0,1.0,5.0,1
Overijssel,4.0,3.0,3.0,3.0,2.0,2.0,1.0,3.0,4.0,1.0,4.0,4.0,9.0,9.0,4.0,1.0,5.0,4.0,5.0,4
South Holland,1.0,1.0,4.0,3.0,1.0,1.0,1.0,5.0,1.0,1.0,3.0,2.0,7.0,1.0,3.0,6.0,6.0,6.0,1.0,7
Limburg,6.0,4.0,1.0,2.0,3.0,3.0,2.0,1.0,3.0,4.0,2.0,2.0,4.0,4.0,4.0,3.0,3.0,2.0,4.0,1
Utrecht,4.0,2.0,3.0,3.0,2.0,2.0,1.0,3.0,4.0,1.0,6.0,4.0,8.0,4.0,6.0,3.0,6.0,6.0,5.0,4
Overijssel,6.0,4.0,3.0,4.0,1.0,1.0,1.0,3.0,4.0,1.0,6.0,2.0,10.0,4.0,5.0,4.0,6.0,6.0,5.0,3
South Holland,1.0,3.0,1.0,4.0,2.0,2.0,1.0,1.0,5.0,2.0,5.0,4.0,4.0,4.0,4.0,5.0,5.0,6.0,4.0,4
Gelderland,5.0,2.0,4.0,3.0,2.0,1.0,1.0,4.0,3.0,2.0,5.0,4.0,7.0,4.0,5.0,4.0,6.0,6.0,4.0,0
Utrecht,1.0,3.0,1.0,2.0,3.0,3.0,2.0,1.0,3.0,4.0,4.0,2.0,4.0,4.0,5.0,5.0,4.0,5.0,2.0,6
Gelderland,5.0,4.0,1.0,1.0,3.0,3.0,3.0,1.0,3.0,4.0,3.0,2.0,5.0,3.0,4.0,4.0,3.0,2.0,5.0,1
Drenthe,3.0,4.0,2.0,1.0,3.0,4.0,1.0,1.0,4.0,3.0,1.0,2.0,1.0,2.0,2.0,2.0,5.0,2.0,1.0,2
Gelderland,7.0,2.0,3.0,3.0,3.0,1.0,1.0,3.0,3.0,3.0,5.0,4.0,11.0,6.0,5.0,1.0,6.0,6.0,5.0,4
Gelderland,6.0,2.0,5.0,2.0,2.0,1.0,1.0,5.0,2.0,1.0,6.0,2.0,9.0,4.0,6.0,6.0,5.0,6.0,5.0,0
South Holland,1.0,4.0,1.0,2.0,5.0,2.0,2.0,1.0,2.0,5.0,5.0,2.0,6.0,4.0,6.0,5.0,4.0,6.0,4.0,6
Overijssel,5.0,6.0,3.0,3.0,2.0,1.0,1.0,4.0,3.0,2.0,5.0,5.0,9.0,9.0,5.0,2.0,6.0,6.0,5.0,3
South Holland,2.0,6.0,3.0,3.0,2.0,1.0,1.0,3.0,3.0,1.0,3.0,2.0,7.0,4.0,4.0,4.0,6.0,5.0,5.0,3
Gelderland,4.0,2.0,2.0,2.0,4.0,2.0,1.0,2.0,3.0,4.0,5.0,5.0,7.0,9.0,4.0,3.0,6.0,5.0,4.0,4
Gelderland,6.0,6.0,2.0,4.0,2.0,1.0,1.0,2.0,5.0,1.0,3.0,4.0,9.0,9.0,5.0,1.0,6.0,4.0,5.0,3
Flevoland,2.0,6.0,4.0,3.0,1.0,1.0,1.0,5.0,1.0,1.0,5.0,2.0,8.0,6.0,4.0,5.0,4.0,6.0,4.0,3
North Holland,1.0,3.0,1.0,1.0,3.0,3.0,1.0,1.0,4.0,3.0,3.0,1.0,8.0,3.0,3.0,4.0,3.0,4.0,2.0,2
North Brabant,4.0,4.0,2.0,3.0,3.0,1.0,1.0,2.0,4.0,2.0,4.0,2.0,11.0,2.0,3.0,3.0,4.0,5.0,4.0,7
North Holland,1.0,2.0,3.0,4.0,2.0,1.0,1.0,5.0,2.0,1.0,3.0,1.0,8.0,1.0,2.0,3.0,5.0,6.0,2.0,7
Gelderland,4.0,4.0,1.0,2.0,2.0,3.0,3.0,2.0,5.0,2.0,2.0,2.0,2.0,1.0,2.0,3.0,5.0,3.0,1.0,2
South Holland,3.0,3.0,1.0,3.0,4.0,2.0,1.0,1.0,4.0,3.0,3.0,2.0,8.0,3.0,3.0,2.0,6.0,4.0,2.0,7
North Holland,7.0,4.0,1.0,1.0,2.0,3.0,3.0,1.0,2.0,5.0,3.0,4.0,4.0,9.0,4.0,3.0,3.0,1.0,5.0,1
South Holland,2.0,1.0,4.0,3.0,2.0,1.0,1.0,5.0,2.0,2.0,4.0,1.0,7.0,9.0,4.0,5.0,6.0,6.0,5.0,0
Overijssel,3.0,3.0,1.0,2.0,3.0,3.0,2.0,1.0,3.0,4.0,1.0,2.0,3.0,3.0,2.0,2.0,3.0,2.0,2.0,2
Overijssel,2.0,3.0,1.0,3.0,4.0,1.0,1.0,2.0,4.0,3.0,4.0,4.0,4.0,2.0,3.0,3.0,6.0,4.0,5.0,7
Friesland,4.0,5.0,1.0,1.0,2.0,2.0,4.0,1.0,2.0,5.0,1.0,2.0,3.0,3.0,2.0,1.0,2.0,1.0,1.0,5
South Holland,1.0,2.0,2.0,4.0,2.0,1.0,1.0,2.0,5.0,2.0,6.0,4.0,8.0,6.0,6.0,4.0,6.0,6.0,5.0,4
Gelderland,2.0,3.0,1.0,1.0,2.0,4.0,2.0,1.0,5.0,2.0,2.0,2.0,3.0,2.0,2.0,4.0,4.0,3.0,1.0,2
South Holland,3.0,2.0,3.0,2.0,3.0,1.0,2.0,3.0,3.0,2.0,4.0,4.0,4.0,2.0,2.0,3.0,4.0,6.0,2.0,7
North Holland,1.0,1.0,5.0,2.0,1.0,1.0,1.0,5.0,1.0,1.0,4.0,4.0,11.0,2.0,3.0,3.0,6.0,6.0,3.0,0
Groningen,7.0,3.0,2.0,4.0,3.0,2.0,1.0,2.0,4.0,3.0,4.0,5.0,7.0,9.0,4.0,3.0,4.0,4.0,5.0,4
South Holland,1.0,4.0,1.0,3.0,3.0,2.0,1.0,1.0,4.0,3.0,5.0,4.0,4.0,4.0,5.0,6.0,6.0,6.0,5.0,6
South Holland,1.0,4.0,1.0,1.0,2.0,3.0,4.0,1.0,2.0,5.0,1.0,2.0,2.0,1.0,4.0,4.0,2.0,1.0,1.0,5
Utrecht,4.0,2.0,2.0,3.0,3.0,1.0,1.0,2.0,4.0,2.0,4.0,2.0,9.0,6.0,4.0,4.0,4.0,4.0,4.0,4
Overijssel,4.0,2.0,3.0,3.0,2.0,1.0,1.0,3.0,4.0,2.0,6.0,5.0,9.0,6.0,6.0,2.0,6.0,6.0,5.0,4
Gelderland,7.0,3.0,2.0,3.0,3.0,1.0,2.0,2.0,4.0,3.0,5.0,4.0,5.0,6.0,4.0,3.0,4.0,4.0,5.0,4
